id,code,ns,count
DEP-QUI.TRA.ACUMED-3,DEP-QUI.TRA.ACUMED,3,1.0
DEP-QUI.TRA.STRYK-25,DEP-QUI.TRA.STRYK,25,1.0
EQP-QUI.TRA.OPT-5,EQP-QUI.TRA.OPT,5,1.0
EXT-CCEE.002-0,EXT-CCEE.002,0,4.0
EXT-FARMACIA-0,EXT-FARMACIA,0,10.0
EXT-HOS.001-0,EXT-HOS.001,0,2.0
EXT-HOS.002-0,EXT-HOS.002,0,4.0
EXT-HOS.004-0,EXT-HOS.004,0,3.0
EXT-HOS.005-0,EXT-HOS.005,0,2.0
EXT-HOS.008-0,EXT-HOS.008,0,8.0
EXT-HOS.009-0,EXT-HOS.009,0,12.0
EXT-HOS.NEO.002-0,EXT-HOS.NEO.002,0,1.0
EXT-HOS.ORL.PFONATO-0,EXT-HOS.ORL.PFONATO,0,3.0
EXT-MNUC.SUELTO-0,EXT-MNUC.SUELTO,0,6.0
EXT-PFUNC.001-0,EXT-PFUNC.001,0,1.0
EXT-QUI.006-0,EXT-QUI.006,0,3.0
EXT-QUI.011-0,EXT-QUI.011,0,2.0
EXT-QUI.012-0,EXT-QUI.012,0,9.0
EXT-QUI.013-0,EXT-QUI.013,0,10.0
EXT-QUI.014-0,EXT-QUI.014,0,2.0
EXT-QUI.015-0,EXT-QUI.015,0,2.0
EXT-QUI.016-0,EXT-QUI.016,0,4.0
EXT-QUI.017-0,EXT-QUI.017,0,6.0
EXT-QUI.495NCS-0,EXT-QUI.495NCS,0,2.0
EXT-QUI.CPL.001-0,EXT-QUI.CPL.001,0,3.0
EXT-QUI.FIADOR-0,EXT-QUI.FIADOR,0,1.0
EXT-QUI.GOMA-0,EXT-QUI.GOMA,0,2.0
EXT-QUI.HARM-0,EXT-QUI.HARM,0,2.0
EXT-QUI.KIRSCHNER-0,EXT-QUI.KIRSCHNER,0,10.0
EXT-QUI.NEUR.011-0,EXT-QUI.NEUR.011,0,1.0
EXT-QUI.OMS800.01-0,EXT-QUI.OMS800.01,0,3.0
EXT-QUI.OMS800.03-0,EXT-QUI.OMS800.03,0,2.0
EXT-QUI.OMS800.05-0,EXT-QUI.OMS800.05,0,2.0
EXT-QUI.URO.010-0,EXT-QUI.URO.010,0,2.0
EXT-RADV.SUELTO-0,EXT-RADV.SUELTO,0,3.0
EXT-UCI.MAQUET-0,EXT-UCI.MAQUET,0,2.0
EXT-URG.001-0,EXT-URG.001,0,10.0
EXT-URG.002-0,EXT-URG.002,0,7.0
EXT-URPA.MAQUET-0,EXT-URPA.MAQUET,0,2.0
HGY-ELECT.CAJA-0,HGY-ELECT.CAJA,0,6.0
HGY-ELECT.SUELTO-0,HGY-ELECT.SUELTO,0,5.0
HGY-HADO.SUELTO-0,HGY-HADO.SUELTO,0,3.0
HGY-HEMO.CAJA-0,HGY-HEMO.CAJA,0,3.0
HGY-PTM.SUELTO-0,HGY-PTM.SUELTO,0,4.0
HGY-QUI.NF.SUELTO-0,HGY-QUI.NF.SUELTO,0,2.0
HGY-QUI.ORL.845219-0,HGY-QUI.ORL.845219,0,1.0
HGY-QUI.TRA-1,HGY-QUI.TRA,1,1.0
HGY-QUI.URG.SUELTO-0,HGY-QUI.URG.SUELTO,0,1.0
HGY-REH.SUELTO-0,HGY-REH.SUELTO,0,1.0
HNB-ANE.002-1,HNB-ANE.002,1,1.0
HNB-ANE.002-2,HNB-ANE.002,2,1.0
HNB-OFT.004-2,HNB-OFT.004,2,1.0
HNB-OFT.013-1,HNB-OFT.013,1,1.0
HNB-OFT.013-2,HNB-OFT.013,2,1.0
HUBU-CCEE.CGD.BC106R-0,HUBU-CCEE.CGD.BC106R,0,1.0
HUBU-CCEE.CGD.BC326R-0,HUBU-CCEE.CGD.BC326R,0,1.0
HUBU-CCEE.CGD.BD045R-0,HUBU-CCEE.CGD.BD045R,0,2.0
HUBU-CCEE.CGD.BD049R-0,HUBU-CCEE.CGD.BD049R,0,2.0
HUBU-CCEE.CGD.BD555R-0,HUBU-CCEE.CGD.BD555R,0,2.0
HUBU-CCEE.CGD.BD559R-0,HUBU-CCEE.CGD.BD559R,0,2.0
HUBU-CCEE.CGD.BH110R-0,HUBU-CCEE.CGD.BH110R,0,2.0
HUBU-CCEE.CGD.BH111R-0,HUBU-CCEE.CGD.BH111R,0,2.0
HUBU-CCEE.CGD.BN104R-0,HUBU-CCEE.CGD.BN104R,0,2.0
HUBU-CCEE.CGD.BN134R-0,HUBU-CCEE.CGD.BN134R,0,2.0
HUBU-CCEE.CIN.BC060R-0,HUBU-CCEE.CIN.BC060R,0,2.0
HUBU-CCEE.CIN.BC061R-0,HUBU-CCEE.CIN.BC061R,0,2.0
HUBU-CCEE.CIN.BD222R-0,HUBU-CCEE.CIN.BD222R,0,2.0
HUBU-CCEE.CIN.BD511R-0,HUBU-CCEE.CIN.BD511R,0,3.0
HUBU-CCEE.CIN.BH110R-0,HUBU-CCEE.CIN.BH110R,0,1.0
HUBU-CCEE.CIN.BH111R-0,HUBU-CCEE.CIN.BH111R,0,3.0
HUBU-CCEE.CIN.BN004R-0,HUBU-CCEE.CIN.BN004R,0,2.0
HUBU-CCEE.CPL.BC106R-0,HUBU-CCEE.CPL.BC106R,0,2.0
HUBU-CCEE.CPL.BC981R-0,HUBU-CCEE.CPL.BC981R,0,1.0
HUBU-CCEE.CPL.BD029R-0,HUBU-CCEE.CPL.BD029R,0,5.0
HUBU-CCEE.CPL.BD222R-0,HUBU-CCEE.CPL.BD222R,0,3.0
HUBU-CCEE.CPL.BH110R-0,HUBU-CCEE.CPL.BH110R,0,2.0
HUBU-CCEE.CPL.BH111R-0,HUBU-CCEE.CPL.BH111R,0,1.0
HUBU-CCEE.CPL.BM111R-0,HUBU-CCEE.CPL.BM111R,0,2.0
HUBU-CCEE.CPL.DP530R-0,HUBU-CCEE.CPL.DP530R,0,1.0
HUBU-CCEE.CPL.OK105R-0,HUBU-CCEE.CPL.OK105R,0,2.0
HUBU-CCEE.CV.BC106R-0,HUBU-CCEE.CV.BC106R,0,2.0
HUBU-CCEE.CV.BC107R-0,HUBU-CCEE.CV.BC107R,0,2.0
HUBU-CCEE.CV.BC326R-0,HUBU-CCEE.CV.BC326R,0,1.0
HUBU-CCEE.CV.BC863R-0,HUBU-CCEE.CV.BC863R,0,1.0
HUBU-CCEE.CV.BD049R-0,HUBU-CCEE.CV.BD049R,0,2.0
HUBU-CCEE.CV.BD222R-0,HUBU-CCEE.CV.BD222R,0,4.0
HUBU-CCEE.CV.BD511R-0,HUBU-CCEE.CV.BD511R,0,4.0
HUBU-CCEE.CV.BD559R-0,HUBU-CCEE.CV.BD559R,0,2.0
HUBU-CCEE.CV.BH415R-0,HUBU-CCEE.CV.BH415R,0,1.0
HUBU-CCEE.CV.HF234R-0,HUBU-CCEE.CV.HF234R,0,1.0
HUBU-CCEE.CV.LX582R-0,HUBU-CCEE.CV.LX582R,0,1.0
HUBU-CCEE.DER.BB073R-0,HUBU-CCEE.DER.BB073R,0,2.0
HUBU-CCEE.DER.BC020R-0,HUBU-CCEE.DER.BC020R,0,4.0
HUBU-CCEE.DER.BC110R-0,HUBU-CCEE.DER.BC110R,0,4.0
HUBU-CCEE.DER.BC156R-0,HUBU-CCEE.DER.BC156R,0,2.0
HUBU-CCEE.DER.BC171R-0,HUBU-CCEE.DER.BC171R,0,2.0
HUBU-CCEE.DER.BD222R-0,HUBU-CCEE.DER.BD222R,0,8.0
HUBU-CCEE.DER.BD511R-0,HUBU-CCEE.DER.BD511R,0,3.0
HUBU-CCEE.DER.BH110R-0,HUBU-CCEE.DER.BH110R,0,2.0
HUBU-CCEE.DER.BH111R-0,HUBU-CCEE.DER.BH111R,0,2.0
HUBU-CCEE.DER.BM205R-0,HUBU-CCEE.DER.BM205R,0,4.0
HUBU-CCEE.DER.FF321R-0,HUBU-CCEE.DER.FF321R,0,1.0
HUBU-CCEE.DER.FK614R-0,HUBU-CCEE.DER.FK614R,0,8.0
HUBU-CCEE.DER.FK615R-0,HUBU-CCEE.DER.FK615R,0,2.0
HUBU-CCEE.DER.HF234R-0,HUBU-CCEE.DER.HF234R,0,1.0
HUBU-CCEE.EST.BD049R-0,HUBU-CCEE.EST.BD049R,0,1.0
HUBU-CCEE.GIN.AN711R-0,HUBU-CCEE.GIN.AN711R,0,2.0
HUBU-CCEE.GIN.BC106R-0,HUBU-CCEE.GIN.BC106R,0,2.0
HUBU-CCEE.GIN.BC330R-0,HUBU-CCEE.GIN.BC330R,0,1.0
HUBU-CCEE.GIN.BC426R-0,HUBU-CCEE.GIN.BC426R,0,2.0
HUBU-CCEE.GIN.BC428R-0,HUBU-CCEE.GIN.BC428R,0,1.0
HUBU-CCEE.GIN.BC604R-0,HUBU-CCEE.GIN.BC604R,0,2.0
HUBU-CCEE.GIN.BC607R-0,HUBU-CCEE.GIN.BC607R,0,2.0
HUBU-CCEE.GIN.BD049R-0,HUBU-CCEE.GIN.BD049R,0,1.0
HUBU-CCEE.GIN.BD050R-0,HUBU-CCEE.GIN.BD050R,0,1.0
HUBU-CCEE.GIN.BD222R-0,HUBU-CCEE.GIN.BD222R,0,3.0
HUBU-CCEE.GIN.BD560R-0,HUBU-CCEE.GIN.BD560R,0,1.0
HUBU-CCEE.GIN.BD672R-0,HUBU-CCEE.GIN.BD672R,0,1.0
HUBU-CCEE.GIN.BH110R-0,HUBU-CCEE.GIN.BH110R,0,4.0
HUBU-CCEE.GIN.BH120R-0,HUBU-CCEE.GIN.BH120R,0,2.0
HUBU-CCEE.GIN.BH446R-0,HUBU-CCEE.GIN.BH446R,0,2.0
HUBU-CCEE.GIN.BH447R-0,HUBU-CCEE.GIN.BH447R,0,1.0
HUBU-CCEE.GIN.BH646R-0,HUBU-CCEE.GIN.BH646R,0,3.0
HUBU-CCEE.GIN.BM067R-0,HUBU-CCEE.GIN.BM067R,0,1.0
HUBU-CCEE.GIN.BN113R-0,HUBU-CCEE.GIN.BN113R,0,2.0
HUBU-CCEE.GIN.BN134R-0,HUBU-CCEE.GIN.BN134R,0,2.0
HUBU-CCEE.GIN.EL014R-0,HUBU-CCEE.GIN.EL014R,0,2.0
HUBU-CCEE.GIN.EL015R-0,HUBU-CCEE.GIN.EL015R,0,2.0
HUBU-CCEE.GIN.EL042R-0,HUBU-CCEE.GIN.EL042R,0,1.0
HUBU-CCEE.GIN.EL075R-0,HUBU-CCEE.GIN.EL075R,0,1.0
HUBU-CCEE.GIN.EM103R-0,HUBU-CCEE.GIN.EM103R,0,1.0
HUBU-CCEE.GIN.EM104R-0,HUBU-CCEE.GIN.EM104R,0,1.0
HUBU-CCEE.GIN.EM105R-0,HUBU-CCEE.GIN.EM105R,0,1.0
HUBU-CCEE.GIN.EM122R-0,HUBU-CCEE.GIN.EM122R,0,2.0
HUBU-CCEE.GIN.EO010R-0,HUBU-CCEE.GIN.EO010R,0,2.0
HUBU-CCEE.GIN.EO122R-0,HUBU-CCEE.GIN.EO122R,0,2.0
HUBU-CCEE.GIN.ER011R-0,HUBU-CCEE.GIN.ER011R,0,2.0
HUBU-CCEE.GIN.ER055R-0,HUBU-CCEE.GIN.ER055R,0,2.0
HUBU-CCEE.GIN.ER061R-0,HUBU-CCEE.GIN.ER061R,0,1.0
HUBU-CCEE.GIN.ER073R-0,HUBU-CCEE.GIN.ER073R,0,1.0
HUBU-CCEE.GIN.FB416R-0,HUBU-CCEE.GIN.FB416R,0,2.0
HUBU-CCEE.NCI.BC110R-0,HUBU-CCEE.NCI.BC110R,0,1.0
HUBU-CCEE.NCI.BD210R-0,HUBU-CCEE.NCI.BD210R,0,1.0
HUBU-CCEE.NUC.BC316R-0,HUBU-CCEE.NUC.BC316R,0,2.0
HUBU-CCEE.NUC.BD049R-0,HUBU-CCEE.NUC.BD049R,0,2.0
HUBU-CCEE.NUC.BH110R-0,HUBU-CCEE.NUC.BH110R,0,4.0
HUBU-CCEE.NUC.BH442R-0,HUBU-CCEE.NUC.BH442R,0,2.0
HUBU-CCEE.NUC.BH642R-0,HUBU-CCEE.NUC.BH642R,0,4.0
HUBU-CCEE.OFT.18009-0,HUBU-CCEE.OFT.18009,0,1.0
HUBU-CCEE.ONC.BD222R-0,HUBU-CCEE.ONC.BD222R,0,2.0
HUBU-CCEE.ONC.BH442R-0,HUBU-CCEE.ONC.BH442R,0,2.0
HUBU-CCEE.ONC.BH444R-0,HUBU-CCEE.ONC.BH444R,0,1.0
HUBU-CCEE.ORL.600768-0,HUBU-CCEE.ORL.600768,0,2.0
HUBU-CCEE.ORL.782000-0,HUBU-CCEE.ORL.782000,0,2.0
HUBU-CCEE.ORL.782001-0,HUBU-CCEE.ORL.782001,0,1.0
HUBU-CCEE.ORL.782002-0,HUBU-CCEE.ORL.782002,0,1.0
HUBU-CCEE.ORL.782003-0,HUBU-CCEE.ORL.782003,0,1.0
HUBU-CCEE.ORL.821118-0,HUBU-CCEE.ORL.821118,0,1.0
HUBU-CCEE.ORL.BB070R-0,HUBU-CCEE.ORL.BB070R,0,2.0
HUBU-CCEE.ORL.BD050R-0,HUBU-CCEE.ORL.BD050R,0,1.0
HUBU-CCEE.ORL.BD220R-0,HUBU-CCEE.ORL.BD220R,0,2.0
HUBU-CCEE.ORL.BD222R-0,HUBU-CCEE.ORL.BD222R,0,1.0
HUBU-CCEE.ORL.BD510R-0,HUBU-CCEE.ORL.BD510R,0,2.0
HUBU-CCEE.ORL.BD511R-0,HUBU-CCEE.ORL.BD511R,0,1.0
HUBU-CCEE.ORL.BD560R-0,HUBU-CCEE.ORL.BD560R,0,2.0
HUBU-CCEE.ORL.BD870R-0,HUBU-CCEE.ORL.BD870R,0,2.0
HUBU-CCEE.ORL.BD880R-0,HUBU-CCEE.ORL.BD880R,0,2.0
HUBU-CCEE.ORL.BD883R-0,HUBU-CCEE.ORL.BD883R,0,2.0
HUBU-CCEE.ORL.BH104R-0,HUBU-CCEE.ORL.BH104R,0,1.0
HUBU-CCEE.ORL.BH444R-0,HUBU-CCEE.ORL.BH444R,0,2.0
HUBU-CCEE.ORL.BH445R-0,HUBU-CCEE.ORL.BH445R,0,2.0
HUBU-CCEE.ORL.BH644R-0,HUBU-CCEE.ORL.BH644R,0,1.0
HUBU-CCEE.ORL.BH645R-0,HUBU-CCEE.ORL.BH645R,0,2.0
HUBU-CCEE.ORL.GF352R-0,HUBU-CCEE.ORL.GF352R,0,1.0
HUBU-CCEE.ORL.GF362R-0,HUBU-CCEE.ORL.GF362R,0,2.0
HUBU-CCEE.ORL.GF363R-0,HUBU-CCEE.ORL.GF363R,0,2.0
HUBU-CCEE.ORL.GF364R-0,HUBU-CCEE.ORL.GF364R,0,2.0
HUBU-CCEE.ORL.GF365R-0,HUBU-CCEE.ORL.GF365R,0,1.0
HUBU-CCEE.ORL.OF288R-0,HUBU-CCEE.ORL.OF288R,0,1.0
HUBU-CCEE.ORL.OF356R-0,HUBU-CCEE.ORL.OF356R,0,2.0
HUBU-CCEE.ORL.OF358R-0,HUBU-CCEE.ORL.OF358R,0,2.0
HUBU-CCEE.ORL.OF608R-0,HUBU-CCEE.ORL.OF608R,0,1.0
HUBU-CCEE.ORL.OF610R-0,HUBU-CCEE.ORL.OF610R,0,1.0
HUBU-CCEE.ORL.OG002R-0,HUBU-CCEE.ORL.OG002R,0,2.0
HUBU-CCEE.ORL.OG037R-0,HUBU-CCEE.ORL.OG037R,0,2.0
HUBU-CCEE.ORL.OG101R-0,HUBU-CCEE.ORL.OG101R,0,2.0
HUBU-CCEE.ORL.OG325R-0,HUBU-CCEE.ORL.OG325R,0,1.0
HUBU-CCEE.ORL.OG330R-0,HUBU-CCEE.ORL.OG330R,0,1.0
HUBU-CCEE.ORL.OG341R-0,HUBU-CCEE.ORL.OG341R,0,1.0
HUBU-CCEE.ORL.OG345R-0,HUBU-CCEE.ORL.OG345R,0,2.0
HUBU-CCEE.ORL.OK035R-0,HUBU-CCEE.ORL.OK035R,0,2.0
HUBU-CCEE.ORL.OK037R-0,HUBU-CCEE.ORL.OK037R,0,1.0
HUBU-CCEE.ORL.OK038R-0,HUBU-CCEE.ORL.OK038R,0,1.0
HUBU-CCEE.ORL.OK039R-0,HUBU-CCEE.ORL.OK039R,0,2.0
HUBU-CCEE.ORL.OK049R-0,HUBU-CCEE.ORL.OK049R,0,2.0
HUBU-CCEE.ORL.OK081R-0,HUBU-CCEE.ORL.OK081R,0,2.0
HUBU-CCEE.ORL.OK875C-0,HUBU-CCEE.ORL.OK875C,0,1.0
HUBU-CCEE.ORL.OM085R-0,HUBU-CCEE.ORL.OM085R,0,1.0
HUBU-CCEE.ORL.OM086R-0,HUBU-CCEE.ORL.OM086R,0,1.0
HUBU-CCEE.ORL.OM087R-0,HUBU-CCEE.ORL.OM087R,0,1.0
HUBU-CCEE.ORL.OM088R-0,HUBU-CCEE.ORL.OM088R,0,1.0
HUBU-CCEE.ORL.OM089R-0,HUBU-CCEE.ORL.OM089R,0,1.0
HUBU-CCEE.ORL.OM090R-0,HUBU-CCEE.ORL.OM090R,0,1.0
HUBU-CCEE.ORL.OM235R-0,HUBU-CCEE.ORL.OM235R,0,1.0
HUBU-CCEE.SUELTO-0,HUBU-CCEE.SUELTO,0,2.0
HUBU-CCEE.TR.BD049R-0,HUBU-CCEE.TR.BD049R,0,2.0
HUBU-CCEE.TR.BD222R-0,HUBU-CCEE.TR.BD222R,0,1.0
HUBU-CCEE.TR.BD511R-0,HUBU-CCEE.TR.BD511R,0,1.0
HUBU-CCEE.TR.BD559R-0,HUBU-CCEE.TR.BD559R,0,1.0
HUBU-CCEE.TR.BH442R-0,HUBU-CCEE.TR.BH442R,0,1.0
HUBU-CCEE.TR.BH443R-0,HUBU-CCEE.TR.BH443R,0,2.0
HUBU-CCEE.TR.BH642R-0,HUBU-CCEE.TR.BH642R,0,1.0
HUBU-CCEE.TR.BM111R-0,HUBU-CCEE.TR.BM111R,0,2.0
HUBU-CCEE.URO.BC110R-0,HUBU-CCEE.URO.BC110R,0,1.0
HUBU-CCEE.URO.BD049R-0,HUBU-CCEE.URO.BD049R,0,1.0
HUBU-CCEE.URO.BH110R-0,HUBU-CCEE.URO.BH110R,0,1.0
HUBU-CCEE.URO.BH111R-0,HUBU-CCEE.URO.BH111R,0,1.0
HUBU-CCEE.URO.EF836R-0,HUBU-CCEE.URO.EF836R,0,1.0
HUBU-CCEE.URO.EF842R-0,HUBU-CCEE.URO.EF842R,0,1.0
HUBU-CCEE.URO.EF846R-0,HUBU-CCEE.URO.EF846R,0,1.0
HUBU-CCEE.URO.EF850R-0,HUBU-CCEE.URO.EF850R,0,1.0
HUBU-CCEE.URO.EF854R-0,HUBU-CCEE.URO.EF854R,0,1.0
HUBU-CCEE.URO.EF856R-0,HUBU-CCEE.URO.EF856R,0,1.0
HUBU-CCEE.URO.EF858R-0,HUBU-CCEE.URO.EF858R,0,1.0
HUBU-HOS.CARD.BC416R-0,HUBU-HOS.CARD.BC416R,0,1.0
HUBU-HOS.CARD.BC445R-0,HUBU-HOS.CARD.BC445R,0,1.0
HUBU-HOS.CGA.BC326R-0,HUBU-HOS.CGA.BC326R,0,2.0
HUBU-HOS.CGA.BD049R-0,HUBU-HOS.CGA.BD049R,0,2.0
HUBU-HOS.CGA.BH442R-0,HUBU-HOS.CGA.BH442R,0,2.0
HUBU-HOS.CGA.BM065R-0,HUBU-HOS.CGA.BM065R,0,2.0
HUBU-HOS.CGA.BN054R-0,HUBU-HOS.CGA.BN054R,0,1.0
HUBU-HOS.CGB.BC326R-0,HUBU-HOS.CGB.BC326R,0,1.0
HUBU-HOS.CGB.BD049R-0,HUBU-HOS.CGB.BD049R,0,2.0
HUBU-HOS.CGB.BH424R-0,HUBU-HOS.CGB.BH424R,0,1.0
HUBU-HOS.CGB.BH442R-0,HUBU-HOS.CGB.BH442R,0,2.0
HUBU-HOS.CGB.BH642R-0,HUBU-HOS.CGB.BH642R,0,1.0
HUBU-HOS.CGB.BM065R-0,HUBU-HOS.CGB.BM065R,0,1.0
HUBU-HOS.CPL.BC971R-0,HUBU-HOS.CPL.BC971R,0,4.0
HUBU-HOS.CPL.BC981R-0,HUBU-HOS.CPL.BC981R,0,2.0
HUBU-HOS.CPL.BD049R-0,HUBU-HOS.CPL.BD049R,0,2.0
HUBU-HOS.CPL.BD222R-0,HUBU-HOS.CPL.BD222R,0,2.0
HUBU-HOS.CPL.BD511R-0,HUBU-HOS.CPL.BD511R,0,2.0
HUBU-HOS.CPL.BD559R-0,HUBU-HOS.CPL.BD559R,0,4.0
HUBU-HOS.CPL.BH110R-0,HUBU-HOS.CPL.BH110R,0,2.0
HUBU-HOS.CPL.BH442R-0,HUBU-HOS.CPL.BH442R,0,2.0
HUBU-HOS.CPL.BM065R-0,HUBU-HOS.CPL.BM065R,0,2.0
HUBU-HOS.CPL.DP552R-0,HUBU-HOS.CPL.DP552R,0,4.0
HUBU-HOS.CPL.FO514R-0,HUBU-HOS.CPL.FO514R,0,1.0
HUBU-HOS.CPL.HF234R-0,HUBU-HOS.CPL.HF234R,0,2.0
HUBU-HOS.CPL.OK035R-0,HUBU-HOS.CPL.OK035R,0,2.0
HUBU-HOS.CPL.OK042R-0,HUBU-HOS.CPL.OK042R,0,1.0
HUBU-HOS.CPL.OK508R-0,HUBU-HOS.CPL.OK508R,0,3.0
HUBU-HOS.CV.BC326R-0,HUBU-HOS.CV.BC326R,0,3.0
HUBU-HOS.CV.BC981R-0,HUBU-HOS.CV.BC981R,0,3.0
HUBU-HOS.CV.BD049R-0,HUBU-HOS.CV.BD049R,0,2.0
HUBU-HOS.CV.BD559R-0,HUBU-HOS.CV.BD559R,0,2.0
HUBU-HOS.CV.BH442R-0,HUBU-HOS.CV.BH442R,0,2.0
HUBU-HOS.CV.BM065R-0,HUBU-HOS.CV.BM065R,0,2.0
HUBU-HOS.CV.BN054R-0,HUBU-HOS.CV.BN054R,0,4.0
HUBU-HOS.CV.FO514R-0,HUBU-HOS.CV.FO514R,0,2.0
HUBU-HOS.DEND.AN381R-0,HUBU-HOS.DEND.AN381R,0,1.0
HUBU-HOS.DEND.BD049R-0,HUBU-HOS.DEND.BD049R,0,1.0
HUBU-HOS.DEND.BD222R-0,HUBU-HOS.DEND.BD222R,0,1.0
HUBU-HOS.DEND.BH110R-0,HUBU-HOS.DEND.BH110R,0,1.0
HUBU-HOS.DEND.BH442R-0,HUBU-HOS.DEND.BH442R,0,1.0
HUBU-HOS.DEND.BM065R-0,HUBU-HOS.DEND.BM065R,0,1.0
HUBU-HOS.DEND.OM044R-0,HUBU-HOS.DEND.OM044R,0,1.0
HUBU-HOS.DIG.AN381R-0,HUBU-HOS.DIG.AN381R,0,2.0
HUBU-HOS.DIG.BC346R-0,HUBU-HOS.DIG.BC346R,0,1.0
HUBU-HOS.DIG.BD049R-0,HUBU-HOS.DIG.BD049R,0,1.0
HUBU-HOS.DIG.BH110R-0,HUBU-HOS.DIG.BH110R,0,2.0
HUBU-HOS.DIG.BH304R-0,HUBU-HOS.DIG.BH304R,0,1.0
HUBU-HOS.DIG.BH442R-0,HUBU-HOS.DIG.BH442R,0,2.0
HUBU-HOS.DIG.BM065R-0,HUBU-HOS.DIG.BM065R,0,4.0
HUBU-HOS.DIG.OM044R-0,HUBU-HOS.DIG.OM044R,0,2.0
HUBU-HOS.DOM.BC316R-0,HUBU-HOS.DOM.BC316R,0,1.0
HUBU-HOS.DOM.BD049R-0,HUBU-HOS.DOM.BD049R,0,2.0
HUBU-HOS.DOM.BD222R-0,HUBU-HOS.DOM.BD222R,0,1.0
HUBU-HOS.DOM.BD559R-0,HUBU-HOS.DOM.BD559R,0,2.0
HUBU-HOS.DOM.BH442R-0,HUBU-HOS.DOM.BH442R,0,1.0
HUBU-HOS.GINE.BC328R-0,HUBU-HOS.GINE.BC328R,0,1.0
HUBU-HOS.GINE.BC346R-0,HUBU-HOS.GINE.BC346R,0,1.0
HUBU-HOS.GINE.BD047R-0,HUBU-HOS.GINE.BD047R,0,2.0
HUBU-HOS.GINE.BD051R-0,HUBU-HOS.GINE.BD051R,0,1.0
HUBU-HOS.GINE.BD557R-0,HUBU-HOS.GINE.BD557R,0,2.0
HUBU-HOS.GINE.BD561R-0,HUBU-HOS.GINE.BD561R,0,1.0
HUBU-HOS.GINE.BF040R-0,HUBU-HOS.GINE.BF040R,0,1.0
HUBU-HOS.GINE.BH424R-0,HUBU-HOS.GINE.BH424R,0,1.0
HUBU-HOS.GINE.BH447R-0,HUBU-HOS.GINE.BH447R,0,2.0
HUBU-HOS.GINE.BH646R-0,HUBU-HOS.GINE.BH646R,0,2.0
HUBU-HOS.GINE.BN004R-0,HUBU-HOS.GINE.BN004R,0,1.0
HUBU-HOS.GINE.BN114R-0,HUBU-HOS.GINE.BN114R,0,1.0
HUBU-HOS.GINE.EL040R-0,HUBU-HOS.GINE.EL040R,0,1.0
HUBU-HOS.GINE.EL041R-0,HUBU-HOS.GINE.EL041R,0,1.0
HUBU-HOS.GINE.EL043R-0,HUBU-HOS.GINE.EL043R,0,1.0
HUBU-HOS.GINE.EL044R-0,HUBU-HOS.GINE.EL044R,0,1.0
HUBU-HOS.GINE.EO015R-0,HUBU-HOS.GINE.EO015R,0,1.0
HUBU-HOS.GINE.EO110R-0,HUBU-HOS.GINE.EO110R,0,1.0
HUBU-HOS.GINE.ER220R-0,HUBU-HOS.GINE.ER220R,0,1.0
HUBU-HOS.HDHM.BC346R-0,HUBU-HOS.HDHM.BC346R,0,1.0
HUBU-HOS.HDHM.BD049R-0,HUBU-HOS.HDHM.BD049R,0,2.0
HUBU-HOS.HDHM.BD559R-0,HUBU-HOS.HDHM.BD559R,0,2.0
HUBU-HOS.HDON.AN381R-0,HUBU-HOS.HDON.AN381R,0,1.0
HUBU-HOS.HDON.BC316R-0,HUBU-HOS.HDON.BC316R,0,2.0
HUBU-HOS.HDON.BC346R-0,HUBU-HOS.HDON.BC346R,0,1.0
HUBU-HOS.HDON.BD049R-0,HUBU-HOS.HDON.BD049R,0,2.0
HUBU-HOS.HDON.BD222R-0,HUBU-HOS.HDON.BD222R,0,2.0
HUBU-HOS.HDON.BH442R-0,HUBU-HOS.HDON.BH442R,0,2.0
HUBU-HOS.HDQI.BD049R-0,HUBU-HOS.HDQI.BD049R,0,2.0
HUBU-HOS.HDQI.BD222R-0,HUBU-HOS.HDQI.BD222R,0,1.0
HUBU-HOS.HDQI.BD511R-0,HUBU-HOS.HDQI.BD511R,0,1.0
HUBU-HOS.HDQI.BD559R-0,HUBU-HOS.HDQI.BD559R,0,1.0
HUBU-HOS.HDQI.BH110R-0,HUBU-HOS.HDQI.BH110R,0,1.0
HUBU-HOS.HDQI.BH111R-0,HUBU-HOS.HDQI.BH111R,0,2.0
HUBU-HOS.HDQI.BM065R-0,HUBU-HOS.HDQI.BM065R,0,1.0
HUBU-HOS.HEMT.BC346R-0,HUBU-HOS.HEMT.BC346R,0,1.0
HUBU-HOS.HEMT.BD049R-0,HUBU-HOS.HEMT.BD049R,0,2.0
HUBU-HOS.HEMT.BH442R-0,HUBU-HOS.HEMT.BH442R,0,1.0
HUBU-HOS.HEMT.BM065R-0,HUBU-HOS.HEMT.BM065R,0,1.0
HUBU-HOS.HMDL.BC346R-0,HUBU-HOS.HMDL.BC346R,0,1.0
HUBU-HOS.HMDL.BC606R-0,HUBU-HOS.HMDL.BC606R,0,1.0
HUBU-HOS.HMDL.BM065R-0,HUBU-HOS.HMDL.BM065R,0,1.0
HUBU-HOS.MI.BC346R-0,HUBU-HOS.MI.BC346R,0,1.0
HUBU-HOS.MI.BD049R-0,HUBU-HOS.MI.BD049R,0,2.0
HUBU-HOS.MI.BD559R-0,HUBU-HOS.MI.BD559R,0,2.0
HUBU-HOS.MI.BH110R-0,HUBU-HOS.MI.BH110R,0,1.0
HUBU-HOS.MI.BH442R-0,HUBU-HOS.MI.BH442R,0,2.0
HUBU-HOS.MI.BH642R-0,HUBU-HOS.MI.BH642R,0,2.0
HUBU-HOS.MI.BM235R-0,HUBU-HOS.MI.BM235R,0,1.0
HUBU-HOS.NEF.BC445R-0,HUBU-HOS.NEF.BC445R,0,1.0
HUBU-HOS.NEO.6346C-0,HUBU-HOS.NEO.6346C,0,4.0
HUBU-HOS.NEO.AE1700 -0,HUBU-HOS.NEO.AE1700 ,0,2.0
HUBU-HOS.NEO.AN380R-0,HUBU-HOS.NEO.AN380R,0,1.0
HUBU-HOS.NEO.BC110R-0,HUBU-HOS.NEO.BC110R,0,1.0
HUBU-HOS.NEO.BN004R-0,HUBU-HOS.NEO.BN004R,0,1.0
HUBU-HOS.NEUC.BC346R-0,HUBU-HOS.NEUC.BC346R,0,2.0
HUBU-HOS.NEUC.BD049R-0,HUBU-HOS.NEUC.BD049R,0,1.0
HUBU-HOS.NEUC.BD222R-0,HUBU-HOS.NEUC.BD222R,0,1.0
HUBU-HOS.NEUC.BD511R-0,HUBU-HOS.NEUC.BD511R,0,1.0
HUBU-HOS.NEUC.BD559R-0,HUBU-HOS.NEUC.BD559R,0,1.0
HUBU-HOS.NEUC.BH442R-0,HUBU-HOS.NEUC.BH442R,0,1.0
HUBU-HOS.NEUC.BM065R-0,HUBU-HOS.NEUC.BM065R,0,1.0
HUBU-HOS.NEUR.BD049R-0,HUBU-HOS.NEUR.BD049R,0,1.0
HUBU-HOS.NEUR.BD222R-0,HUBU-HOS.NEUR.BD222R,0,1.0
HUBU-HOS.NEUR.BD559R-0,HUBU-HOS.NEUR.BD559R,0,1.0
HUBU-HOS.NEUR.BH110R-0,HUBU-HOS.NEUR.BH110R,0,1.0
HUBU-HOS.NEUR.BH442R-0,HUBU-HOS.NEUR.BH442R,0,1.0
HUBU-HOS.NEUR.BM065R-0,HUBU-HOS.NEUR.BM065R,0,1.0
HUBU-HOS.NHOS.BC110R-0,HUBU-HOS.NHOS.BC110R,0,1.0
HUBU-HOS.NHOS.BC346R-0,HUBU-HOS.NHOS.BC346R,0,1.0
HUBU-HOS.NHOS.BD049R-0,HUBU-HOS.NHOS.BD049R,0,2.0
HUBU-HOS.NHOS.BD559R-0,HUBU-HOS.NHOS.BD559R,0,4.0
HUBU-HOS.NHOS.BH110R-0,HUBU-HOS.NHOS.BH110R,0,2.0
HUBU-HOS.NHOS.BH111R-0,HUBU-HOS.NHOS.BH111R,0,2.0
HUBU-HOS.NHOS.BH442R-0,HUBU-HOS.NHOS.BH442R,0,2.0
HUBU-HOS.NHOS.BH446R-0,HUBU-HOS.NHOS.BH446R,0,3.0
HUBU-HOS.OBST.BC110R-0,HUBU-HOS.OBST.BC110R,0,2.0
HUBU-HOS.OBST.BC326R-0,HUBU-HOS.OBST.BC326R,0,1.0
HUBU-HOS.OBST.BC328R-0,HUBU-HOS.OBST.BC328R,0,1.0
HUBU-HOS.OBST.BC346R-0,HUBU-HOS.OBST.BC346R,0,1.0
HUBU-HOS.OBST.BD047R-0,HUBU-HOS.OBST.BD047R,0,1.0
HUBU-HOS.OBST.BD511R-0,HUBU-HOS.OBST.BD511R,0,1.0
HUBU-HOS.OBST.BD557R-0,HUBU-HOS.OBST.BD557R,0,2.0
HUBU-HOS.OBST.BD561R-0,HUBU-HOS.OBST.BD561R,0,1.0
HUBU-HOS.OBST.BF112R-0,HUBU-HOS.OBST.BF112R,0,1.0
HUBU-HOS.OBST.BH111R-0,HUBU-HOS.OBST.BH111R,0,1.0
HUBU-HOS.OBST.BH610R-0,HUBU-HOS.OBST.BH610R,0,2.0
HUBU-HOS.OBST.BN003R-0,HUBU-HOS.OBST.BN003R,0,1.0
HUBU-HOS.OBST.BN004R-0,HUBU-HOS.OBST.BN004R,0,1.0
HUBU-HOS.OBST.EL042R-0,HUBU-HOS.OBST.EL042R,0,1.0
HUBU-HOS.OBST.EL044R-0,HUBU-HOS.OBST.EL044R,0,1.0
HUBU-HOS.ONC.BC316R-0,HUBU-HOS.ONC.BC316R,0,1.0
HUBU-HOS.ONC.BC346R-0,HUBU-HOS.ONC.BC346R,0,1.0
HUBU-HOS.ONC.BD049R-0,HUBU-HOS.ONC.BD049R,0,1.0
HUBU-HOS.ONC.BD222R-0,HUBU-HOS.ONC.BD222R,0,2.0
HUBU-HOS.ONC.BH442R-0,HUBU-HOS.ONC.BH442R,0,2.0
HUBU-HOS.ORL.BD049R-0,HUBU-HOS.ORL.BD049R,0,2.0
HUBU-HOS.ORL.BD222R-0,HUBU-HOS.ORL.BD222R,0,2.0
HUBU-HOS.ORL.BD511R-0,HUBU-HOS.ORL.BD511R,0,2.0
HUBU-HOS.ORL.BD880R-0,HUBU-HOS.ORL.BD880R,0,1.0
HUBU-HOS.ORL.BH111R-0,HUBU-HOS.ORL.BH111R,0,2.0
HUBU-HOS.ORL.BH442R-0,HUBU-HOS.ORL.BH442R,0,2.0
HUBU-HOS.ORL.BM065R-0,HUBU-HOS.ORL.BM065R,0,1.0
HUBU-HOS.ORL.OK035R-0,HUBU-HOS.ORL.OK035R,0,1.0
HUBU-HOS.ORL.OK049R-0,HUBU-HOS.ORL.OK049R,0,1.0
HUBU-HOS.ORL.OK081R-0,HUBU-HOS.ORL.OK081R,0,1.0
HUBU-HOS.PCP.BC110R-0,HUBU-HOS.PCP.BC110R,0,1.0
HUBU-HOS.PCP.BC346R-0,HUBU-HOS.PCP.BC346R,0,1.0
HUBU-HOS.PCP.BD049R-0,HUBU-HOS.PCP.BD049R,0,1.0
HUBU-HOS.PCP.BD222R-0,HUBU-HOS.PCP.BD222R,0,1.0
HUBU-HOS.PCP.BD511R-0,HUBU-HOS.PCP.BD511R,0,1.0
HUBU-HOS.PCP.BH442R-0,HUBU-HOS.PCP.BH442R,0,1.0
HUBU-HOS.PCP.BN004R-0,HUBU-HOS.PCP.BN004R,0,1.0
HUBU-HOS.PROC.BN054R-0,HUBU-HOS.PROC.BN054R,0,3.0
HUBU-HOS.SUE.BH642R-0,HUBU-HOS.SUE.BH642R,0,1.0
HUBU-HOS.TRA.AN381R-0,HUBU-HOS.TRA.AN381R,0,2.0
HUBU-HOS.TRA.BC110R-0,HUBU-HOS.TRA.BC110R,0,2.0
HUBU-HOS.TRA.BC346R-0,HUBU-HOS.TRA.BC346R,0,6.0
HUBU-HOS.TRA.BC971R-0,HUBU-HOS.TRA.BC971R,0,2.0
HUBU-HOS.TRA.BC981R-0,HUBU-HOS.TRA.BC981R,0,8.0
HUBU-HOS.TRA.BD049R-0,HUBU-HOS.TRA.BD049R,0,2.0
HUBU-HOS.TRA.BD222R-0,HUBU-HOS.TRA.BD222R,0,2.0
HUBU-HOS.TRA.BH110R-0,HUBU-HOS.TRA.BH110R,0,2.0
HUBU-HOS.TRA.BH442R-0,HUBU-HOS.TRA.BH442R,0,2.0
HUBU-HOS.TRA.BM065R-0,HUBU-HOS.TRA.BM065R,0,2.0
HUBU-HOS.TRA.BN004R-0,HUBU-HOS.TRA.BN004R,0,2.0
HUBU-HOS.TRA.LX170R-0,HUBU-HOS.TRA.LX170R,0,2.0
HUBU-HOS.TRA.LX558R-0,HUBU-HOS.TRA.LX558R,0,3.0
HUBU-HOS.TRA.LX624R-0,HUBU-HOS.TRA.LX624R,0,2.0
HUBU-HOS.UCIA.BC555R-0,HUBU-HOS.UCIA.BC555R,0,1.0
HUBU-HOS.UCIA.BD557R-0,HUBU-HOS.UCIA.BD557R,0,1.0
HUBU-HOS.UCIA.BH110R-0,HUBU-HOS.UCIA.BH110R,0,1.0
HUBU-HOS.UCIP.BC110R-0,HUBU-HOS.UCIP.BC110R,0,1.0
HUBU-HOS.UCIP.BD222R-0,HUBU-HOS.UCIP.BD222R,0,2.0
HUBU-HOS.UCIP.BN004R-0,HUBU-HOS.UCIP.BN004R,0,1.0
HUBU-HOS.UCIP.JG521R-0,HUBU-HOS.UCIP.JG521R,0,1.0
HUBU-HOS.URO.AN381R-0,HUBU-HOS.URO.AN381R,0,1.0
HUBU-HOS.URO.BD559R-0,HUBU-HOS.URO.BD559R,0,2.0
HUBU-HOS.URO.BH442R-0,HUBU-HOS.URO.BH442R,0,1.0
HUBU-HOS.URO.BH642R-0,HUBU-HOS.URO.BH642R,0,1.0
HUBU-HOS.URO.JG523R-0,HUBU-HOS.URO.JG523R,0,1.0
HUBU-HOS.URPA.AN379R-0,HUBU-HOS.URPA.AN379R,0,1.0
HUBU-HOS.URPA.BC346R-0,HUBU-HOS.URPA.BC346R,0,1.0
HUBU-HOS.URPA.BC445R-0,HUBU-HOS.URPA.BC445R,0,1.0
HUBU-HOS.URPA.BD049R-0,HUBU-HOS.URPA.BD049R,0,2.0
HUBU-HOS.URPA.BH110R-0,HUBU-HOS.URPA.BH110R,0,1.0
HUBU-HOS.URPA.BH111R-0,HUBU-HOS.URPA.BH111R,0,1.0
HUBU-HOS.URPA.BH442R-0,HUBU-HOS.URPA.BH442R,0,2.0
HUBU-HOS.URPA.BH642R-0,HUBU-HOS.URPA.BH642R,0,1.0
HUBU-HOS.URPA.BM066R-0,HUBU-HOS.URPA.BM066R,0,2.0
HUBU-HOS.URPA.DP552R-0,HUBU-HOS.URPA.DP552R,0,1.0
HUBU-HOS.URPA.JG522R-0,HUBU-HOS.URPA.JG522R,0,2.0
HUBU-HOS.URPA.OK037R-0,HUBU-HOS.URPA.OK037R,0,1.0
HUBU-HOS.URPA.OK039R-0,HUBU-HOS.URPA.OK039R,0,1.0
HUBU-QUI.CG.BB084R-0,HUBU-QUI.CG.BB084R,0,1.0
HUBU-QUI.CG.BC545R-0,HUBU-QUI.CG.BC545R,0,1.0
HUBU-QUI.CG.BC606R-0,HUBU-QUI.CG.BC606R,0,1.0
HUBU-QUI.CG.BD053R-0,HUBU-QUI.CG.BD053R,0,2.0
HUBU-QUI.CG.BD222R-0,HUBU-QUI.CG.BD222R,0,2.0
HUBU-QUI.CG.BD561R-0,HUBU-QUI.CG.BD561R,0,1.0
HUBU-QUI.CG.BD563R-0,HUBU-QUI.CG.BD563R,0,1.0
HUBU-QUI.CG.BM019R-0,HUBU-QUI.CG.BM019R,0,2.0
HUBU-QUI.CG.BT030R-0,HUBU-QUI.CG.BT030R,0,1.0
HUBU-QUI.CP.BC008R-0,HUBU-QUI.CP.BC008R,0,1.0
HUBU-QUI.CP.BC545R-0,HUBU-QUI.CP.BC545R,0,1.0
HUBU-QUI.CP.BC555R-0,HUBU-QUI.CP.BC555R,0,1.0
HUBU-QUI.CP.BC601R-0,HUBU-QUI.CP.BC601R,0,1.0
HUBU-QUI.CP.BD222R-0,HUBU-QUI.CP.BD222R,0,1.0
HUBU-QUI.CP.BM065R-0,HUBU-QUI.CP.BM065R,0,2.0
HUBU-QUI.CP.BN004R-0,HUBU-QUI.CP.BN004R,0,1.0
HUBU-QUI.CP.BN104R-0,HUBU-QUI.CP.BN104R,0,1.0
HUBU-QUI.CP.BN110-0,HUBU-QUI.CP.BN110,0,2.0
HUBU-QUI.CP.BT008R-0,HUBU-QUI.CP.BT008R,0,1.0
HUBU-QUI.CP.BT020R-0,HUBU-QUI.CP.BT020R,0,1.0
HUBU-QUI.CP.BT030R-0,HUBU-QUI.CP.BT030R,0,1.0
HUBU-QUI.CP.FB414R-0,HUBU-QUI.CP.FB414R,0,1.0
HUBU-QUI.CPL.BA709R-0,HUBU-QUI.CPL.BA709R,0,3.0
HUBU-QUI.CPL.BC029R-0,HUBU-QUI.CPL.BC029R,0,1.0
HUBU-QUI.CPL.BD222R-0,HUBU-QUI.CPL.BD222R,0,6.0
HUBU-QUI.CPL.BF320R-0,HUBU-QUI.CPL.BF320R,0,1.0
HUBU-QUI.CPL.BJ013R-0,HUBU-QUI.CPL.BJ013R,0,1.0
HUBU-QUI.CPL.BJ014R-0,HUBU-QUI.CPL.BJ014R,0,1.0
HUBU-QUI.CPL.BJ100R-0,HUBU-QUI.CPL.BJ100R,0,1.0
HUBU-QUI.CPL.BM013R-0,HUBU-QUI.CPL.BM013R,0,1.0
HUBU-QUI.CPL.BM235R-0,HUBU-QUI.CPL.BM235R,0,1.0
HUBU-QUI.CPL.BN004R-0,HUBU-QUI.CPL.BN004R,0,1.0
HUBU-QUI.CPL.BT008R-0,HUBU-QUI.CPL.BT008R,0,2.0
HUBU-QUI.CPL.BT021R-0,HUBU-QUI.CPL.BT021R,0,1.0
HUBU-QUI.CPL.BT030R-0,HUBU-QUI.CPL.BT030R,0,2.0
HUBU-QUI.CPL.BT040R-0,HUBU-QUI.CPL.BT040R,0,1.0
HUBU-QUI.CPL.BT126R-0,HUBU-QUI.CPL.BT126R,0,2.0
HUBU-QUI.CPL.BT749R-0,HUBU-QUI.CPL.BT749R,0,1.0
HUBU-QUI.CPL.BT752R-0,HUBU-QUI.CPL.BT752R,0,1.0
HUBU-QUI.CPL.BT755R-0,HUBU-QUI.CPL.BT755R,0,1.0
HUBU-QUI.CPL.BV085R-0,HUBU-QUI.CPL.BV085R,0,1.0
HUBU-QUI.CPL.FK355R-0,HUBU-QUI.CPL.FK355R,0,1.0
HUBU-QUI.CPL.FK356R-0,HUBU-QUI.CPL.FK356R,0,1.0
HUBU-QUI.CPL.FK357R-0,HUBU-QUI.CPL.FK357R,0,1.0
HUBU-QUI.CPL.FK622R-0,HUBU-QUI.CPL.FK622R,0,1.0
HUBU-QUI.CPL.FK630R-0,HUBU-QUI.CPL.FK630R,0,1.0
HUBU-QUI.CPL.FK632R-0,HUBU-QUI.CPL.FK632R,0,1.0
HUBU-QUI.CPL.FK634R-0,HUBU-QUI.CPL.FK634R,0,1.0
HUBU-QUI.CPL.FK636R-0,HUBU-QUI.CPL.FK636R,0,1.0
HUBU-QUI.CPL.FL401R-0,HUBU-QUI.CPL.FL401R,0,1.0
HUBU-QUI.CPL.FL405R-0,HUBU-QUI.CPL.FL405R,0,2.0
HUBU-QUI.CPL.FL406R-0,HUBU-QUI.CPL.FL406R,0,1.0
HUBU-QUI.CPL.FL513R-0,HUBU-QUI.CPL.FL513R,0,1.0
HUBU-QUI.CPL.FL514R-0,HUBU-QUI.CPL.FL514R,0,1.0
HUBU-QUI.CPL.FL515R-0,HUBU-QUI.CPL.FL515R,0,1.0
HUBU-QUI.CPL.FL573R-0,HUBU-QUI.CPL.FL573R,0,1.0
HUBU-QUI.CPL.FO113R-0,HUBU-QUI.CPL.FO113R,0,1.0
HUBU-QUI.CPL.FO515R-0,HUBU-QUI.CPL.FO515R,0,1.0
HUBU-QUI.CPL.FO614R-0,HUBU-QUI.CPL.FO614R,0,1.0
HUBU-QUI.CPL.FO632R-0,HUBU-QUI.CPL.FO632R,0,1.0
HUBU-QUI.CPL.FO634R-0,HUBU-QUI.CPL.FO634R,0,1.0
HUBU-QUI.CPL.FO641R-0,HUBU-QUI.CPL.FO641R,0,1.0
HUBU-QUI.CPL.FO918A-0,HUBU-QUI.CPL.FO918A,0,2.0
HUBU-QUI.CPL.GK774R-0,HUBU-QUI.CPL.GK774R,0,1.0
HUBU-QUI.CPL.JG522R-0,HUBU-QUI.CPL.JG522R,0,1.0
HUBU-QUI.CPL.JG524R-0,HUBU-QUI.CPL.JG524R,0,2.0
HUBU-QUI.CPL.LX157R-0,HUBU-QUI.CPL.LX157R,0,1.0
HUBU-QUI.CPL.LX159R-0,HUBU-QUI.CPL.LX159R,0,1.0
HUBU-QUI.CPL.OL171R-0,HUBU-QUI.CPL.OL171R,0,1.0
HUBU-QUI.CV.BC606R-0,HUBU-QUI.CV.BC606R,0,1.0
HUBU-QUI.CV.BD068R-0,HUBU-QUI.CV.BD068R,0,1.0
HUBU-QUI.CV.BD222R-0,HUBU-QUI.CV.BD222R,0,1.0
HUBU-QUI.CV.BD511R-0,HUBU-QUI.CV.BD511R,0,1.0
HUBU-QUI.CV.BD560R-0,HUBU-QUI.CV.BD560R,0,1.0
HUBU-QUI.CV.BJ057R-0,HUBU-QUI.CV.BJ057R,0,1.0
HUBU-QUI.CV.BM066R-0,HUBU-QUI.CV.BM066R,0,1.0
HUBU-QUI.CV.FB417R-0,HUBU-QUI.CV.FB417R,0,1.0
HUBU-QUI.CV.FB540R-0,HUBU-QUI.CV.FB540R,0,1.0
HUBU-QUI.CV.FH480R-0,HUBU-QUI.CV.FH480R,0,1.0
HUBU-QUI.CV.FK636R-0,HUBU-QUI.CV.FK636R,0,1.0
HUBU-QUI.CV.FO518R-0,HUBU-QUI.CV.FO518R,0,1.0
HUBU-QUI.CV.FO555R-0,HUBU-QUI.CV.FO555R,0,1.0
HUBU-QUI.CV.FO614R-0,HUBU-QUI.CV.FO614R,0,1.0
HUBU-QUI.CV.FO647R-0,HUBU-QUI.CV.FO647R,0,1.0
HUBU-QUI.ELEC.BC557R-0,HUBU-QUI.ELEC.BC557R,0,1.0
HUBU-QUI.ELEC.BC606R-0,HUBU-QUI.ELEC.BC606R,0,1.0
HUBU-QUI.ELEC.BH111R-0,HUBU-QUI.ELEC.BH111R,0,2.0
HUBU-QUI.ELEC.JG523R-0,HUBU-QUI.ELEC.JG523R,0,2.0
HUBU-QUI.ELEC.JG524R-0,HUBU-QUI.ELEC.JG524R,0,1.0
HUBU-QUI.GIN.BB073R-0,HUBU-QUI.GIN.BB073R,0,2.0
HUBU-QUI.GIN.BB084R-0,HUBU-QUI.GIN.BB084R,0,1.0
HUBU-QUI.GIN.BC181R-0,HUBU-QUI.GIN.BC181R,0,1.0
HUBU-QUI.GIN.BC277R-0,HUBU-QUI.GIN.BC277R,0,1.0
HUBU-QUI.GIN.BC547R-0,HUBU-QUI.GIN.BC547R,0,1.0
HUBU-QUI.GIN.BC557R-0,HUBU-QUI.GIN.BC557R,0,1.0
HUBU-QUI.GIN.BC589R-0,HUBU-QUI.GIN.BC589R,0,1.0
HUBU-QUI.GIN.BC606R-0,HUBU-QUI.GIN.BC606R,0,1.0
HUBU-QUI.GIN.BC683R-0,HUBU-QUI.GIN.BC683R,0,1.0
HUBU-QUI.GIN.BD050R-0,HUBU-QUI.GIN.BD050R,0,1.0
HUBU-QUI.GIN.BD052R-0,HUBU-QUI.GIN.BD052R,0,1.0
HUBU-QUI.GIN.BD560R-0,HUBU-QUI.GIN.BD560R,0,2.0
HUBU-QUI.GIN.BD562R-0,HUBU-QUI.GIN.BD562R,0,1.0
HUBU-QUI.GIN.BF122R-0,HUBU-QUI.GIN.BF122R,0,1.0
HUBU-QUI.GIN.BF123R-0,HUBU-QUI.GIN.BF123R,0,1.0
HUBU-QUI.GIN.BF431R-0,HUBU-QUI.GIN.BF431R,0,2.0
HUBU-QUI.GIN.BH109R-0,HUBU-QUI.GIN.BH109R,0,1.0
HUBU-QUI.GIN.BH167R-0,HUBU-QUI.GIN.BH167R,0,1.0
HUBU-QUI.GIN.BH642R-0,HUBU-QUI.GIN.BH642R,0,1.0
HUBU-QUI.GIN.BH650R-0,HUBU-QUI.GIN.BH650R,0,1.0
HUBU-QUI.GIN.BJ102R-0,HUBU-QUI.GIN.BJ102R,0,2.0
HUBU-QUI.GIN.BM019R-0,HUBU-QUI.GIN.BM019R,0,1.0
HUBU-QUI.GIN.BM067R-0,HUBU-QUI.GIN.BM067R,0,1.0
HUBU-QUI.GIN.BT001R-0,HUBU-QUI.GIN.BT001R,0,1.0
HUBU-QUI.GIN.BT008R-0,HUBU-QUI.GIN.BT008R,0,1.0
HUBU-QUI.GIN.BT020R-0,HUBU-QUI.GIN.BT020R,0,1.0
HUBU-QUI.GIN.BV557R-0,HUBU-QUI.GIN.BV557R,0,1.0
HUBU-QUI.GIN.C3001-0,HUBU-QUI.GIN.C3001,0,1.0
HUBU-QUI.GIN.EL011R-0,HUBU-QUI.GIN.EL011R,0,1.0
HUBU-QUI.GIN.EL015R-0,HUBU-QUI.GIN.EL015R,0,1.0
HUBU-QUI.GIN.EL040R-0,HUBU-QUI.GIN.EL040R,0,1.0
HUBU-QUI.GIN.EL633R-0,HUBU-QUI.GIN.EL633R,0,1.0
HUBU-QUI.GIN.EL635R-0,HUBU-QUI.GIN.EL635R,0,1.0
HUBU-QUI.GIN.EL690R-0,HUBU-QUI.GIN.EL690R,0,1.0
HUBU-QUI.GIN.EL694R-0,HUBU-QUI.GIN.EL694R,0,1.0
HUBU-QUI.GIN.EL697R-0,HUBU-QUI.GIN.EL697R,0,1.0
HUBU-QUI.GIN.EL700R-0,HUBU-QUI.GIN.EL700R,0,2.0
HUBU-QUI.GIN.EL870R-0,HUBU-QUI.GIN.EL870R,0,1.0
HUBU-QUI.GIN.EO122R-0,HUBU-QUI.GIN.EO122R,0,1.0
HUBU-QUI.GIN.ER220R-0,HUBU-QUI.GIN.ER220R,0,1.0
HUBU-QUI.GIN.ER876-0,HUBU-QUI.GIN.ER876,0,1.0
HUBU-QUI.GIN.GK701R-0,HUBU-QUI.GIN.GK701R,0,1.0
HUBU-QUI.GIN.GK881R-0,HUBU-QUI.GIN.GK881R,0,1.0
HUBU-QUI.GIN.JG524R-0,HUBU-QUI.GIN.JG524R,0,2.0
HUBU-QUI.GIN.MDO76-0,HUBU-QUI.GIN.MDO76,0,1.0
HUBU-QUI.GIN.PL162R-0,HUBU-QUI.GIN.PL162R,0,2.0
HUBU-QUI.HEMO.BC313R-0,HUBU-QUI.HEMO.BC313R,0,1.0
HUBU-QUI.HEMO.BD049R-0,HUBU-QUI.HEMO.BD049R,0,1.0
HUBU-QUI.HEMO.BH111R-0,HUBU-QUI.HEMO.BH111R,0,2.0
HUBU-QUI.HEMO.BH211R-0,HUBU-QUI.HEMO.BH211R,0,1.0
HUBU-QUI.HEMO.BH442R-0,HUBU-QUI.HEMO.BH442R,0,1.0
HUBU-QUI.HEMO.BH642R-0,HUBU-QUI.HEMO.BH642R,0,1.0
HUBU-QUI.HEMO.JG523R-0,HUBU-QUI.HEMO.JG523R,0,2.0
HUBU-QUI.HEMO.JG524R-0,HUBU-QUI.HEMO.JG524R,0,2.0
HUBU-QUI.OFT.K3-6720-0,HUBU-QUI.OFT.K3-6720,0,2.0
HUBU-QUI.ORL.001-0,HUBU-QUI.ORL.001,0,2.0
HUBU-QUI.ORL.BC008R-0,HUBU-QUI.ORL.BC008R,0,1.0
HUBU-QUI.ORL.BC544R-0,HUBU-QUI.ORL.BC544R,0,1.0
HUBU-QUI.ORL.BC554R-0,HUBU-QUI.ORL.BC554R,0,1.0
HUBU-QUI.ORL.BC603R-0,HUBU-QUI.ORL.BC603R,0,1.0
HUBU-QUI.ORL.BC606R-0,HUBU-QUI.ORL.BC606R,0,1.0
HUBU-QUI.ORL.BD222R-0,HUBU-QUI.ORL.BD222R,0,1.0
HUBU-QUI.ORL.BH111R-0,HUBU-QUI.ORL.BH111R,0,2.0
HUBU-QUI.ORL.BJ019R-0,HUBU-QUI.ORL.BJ019R,0,1.0
HUBU-QUI.ORL.BM065R-0,HUBU-QUI.ORL.BM065R,0,2.0
HUBU-QUI.ORL.BM066R-0,HUBU-QUI.ORL.BM066R,0,1.0
HUBU-QUI.PAR.BB075R-0,HUBU-QUI.PAR.BB075R,0,2.0
HUBU-QUI.PAR.BB175R-0,HUBU-QUI.PAR.BB175R,0,2.0
HUBU-QUI.PAR.BD050R-0,HUBU-QUI.PAR.BD050R,0,1.0
HUBU-QUI.PAR.BD560R-0,HUBU-QUI.PAR.BD560R,0,1.0
HUBU-QUI.PAR.BD562R-0,HUBU-QUI.PAR.BD562R,0,2.0
HUBU-QUI.PAR.BF122R-0,HUBU-QUI.PAR.BF122R,0,2.0
HUBU-QUI.PAR.BH177R-0,HUBU-QUI.PAR.BH177R,0,2.0
HUBU-QUI.PAR.BM042R-0,HUBU-QUI.PAR.BM042R,0,1.0
HUBU-QUI.PAR.BM065R-0,HUBU-QUI.PAR.BM065R,0,2.0
HUBU-QUI.PAR.EL043R-0,HUBU-QUI.PAR.EL043R,0,2.0
HUBU-QUI.PAR.EL628R-0,HUBU-QUI.PAR.EL628R,0,2.0
HUBU-QUI.SUELTO-0,HUBU-QUI.SUELTO,0,2.0
HUBU-QUI.TR.BD557R-0,HUBU-QUI.TR.BD557R,0,1.0
HUBU-QUI.TR.BD560R-0,HUBU-QUI.TR.BD560R,0,1.0
HUBU-QUI.TR.BT021R-0,HUBU-QUI.TR.BT021R,0,1.0
HUBU-QUI.TR.BT171R-0,HUBU-QUI.TR.BT171R,0,1.0
HUBU-QUI.TR.BT284R-0,HUBU-QUI.TR.BT284R,0,1.0
HUBU-QUI.TR.BV088R-0,HUBU-QUI.TR.BV088R,0,1.0
HUBU-QUI.TR.BV094R-0,HUBU-QUI.TR.BV094R,0,1.0
HUBU-QUI.TR.BV248R-0,HUBU-QUI.TR.BV248R,0,1.0
HUBU-QUI.TR.BV273R-0,HUBU-QUI.TR.BV273R,0,2.0
HUBU-QUI.TR.BV276R-0,HUBU-QUI.TR.BV276R,0,1.0
HUBU-QUI.TR.FK171R-0,HUBU-QUI.TR.FK171R,0,1.0
HUBU-QUI.TR.FK174R-0,HUBU-QUI.TR.FK174R,0,2.0
HUBU-QUI.TR.FK176R-0,HUBU-QUI.TR.FK176R,0,2.0
HUBU-QUI.TR.FK355R-0,HUBU-QUI.TR.FK355R,0,1.0
HUBU-QUI.TR.FK676R-0,HUBU-QUI.TR.FK676R,0,1.0
HUBU-QUI.TR.FL060R-0,HUBU-QUI.TR.FL060R,0,1.0
HUBU-QUI.TR.FL090R-0,HUBU-QUI.TR.FL090R,0,1.0
HUBU-QUI.TR.FO118R-0,HUBU-QUI.TR.FO118R,0,1.0
HUBU-QUI.TR.FO181R-0,HUBU-QUI.TR.FO181R,0,1.0
HUBU-QUI.TR.FO183R-0,HUBU-QUI.TR.FO183R,0,1.0
HUBU-QUI.TR.FO511R-0,HUBU-QUI.TR.FO511R,0,1.0
HUBU-QUI.TR.FO522R-0,HUBU-QUI.TR.FO522R,0,1.0
HUBU-QUI.TR.FO523R-0,HUBU-QUI.TR.FO523R,0,1.0
HUBU-QUI.TR.FR125R-0,HUBU-QUI.TR.FR125R,0,1.0
HUBU-QUI.TR.FR140R-0,HUBU-QUI.TR.FR140R,0,1.0
HUBU-QUI.TR.FR141R-0,HUBU-QUI.TR.FR141R,0,1.0
HUBU-QUI.TR.JG523R-0,HUBU-QUI.TR.JG523R,0,1.0
HUBU-QUI.TR.LX156R-0,HUBU-QUI.TR.LX156R,0,1.0
HUBU-QUI.TR.LX157R-0,HUBU-QUI.TR.LX157R,0,1.0
HUBU-QUI.TR.LX158R-0,HUBU-QUI.TR.LX158R,0,1.0
HUBU-QUI.TR.LX164R-0,HUBU-QUI.TR.LX164R,0,1.0
HUBU-QUI.TR.LX203R-0,HUBU-QUI.TR.LX203R,0,1.0
HUBU-QUI.TR.MD456R-0,HUBU-QUI.TR.MD456R,0,1.0
HUBU-QUI.TRA.LX164R-0,HUBU-QUI.TRA.LX164R,0,1.0
HUBU-QUI.URO.544121T-0,HUBU-QUI.URO.544121T,0,1.0
HUBU-QUI.URO.BC243R-0,HUBU-QUI.URO.BC243R,0,1.0
HUBU-QUI.URO.BD050R-0,HUBU-QUI.URO.BD050R,0,1.0
HUBU-QUI.URO.BD523R-0,HUBU-QUI.URO.BD523R,0,1.0
HUBU-QUI.URO.BD760R-0,HUBU-QUI.URO.BD760R,0,1.0
HUBU-QUI.URO.BH108R-0,HUBU-QUI.URO.BH108R,0,1.0
HUBU-RAD.BD033R-0,HUBU-RAD.BD033R,0,2.0
HUBU-RAD.BH110R-0,HUBU-RAD.BH110R,0,1.0
HUBU-RAD.EL057R-0,HUBU-RAD.EL057R,0,1.0
HUBU-RAD.EL058R-0,HUBU-RAD.EL058R,0,1.0
HUBU-RAD.FL055R-0,HUBU-RAD.FL055R,0,1.0
HUBU-UCSI.OJOS.001-0,HUBU-UCSI.OJOS.001,0,3.0
HUBU-UCSI.OJOS.004-0,HUBU-UCSI.OJOS.004,0,3.0
HUBU-URG.BH110R-0,HUBU-URG.BH110R,0,1.0
HUBU-URG.BH111R-0,HUBU-URG.BH111R,0,1.0
HUBU-URG.BH442R-0,HUBU-URG.BH442R,0,2.0
HUBU-URG.BH630R-0,HUBU-URG.BH630R,0,2.0
HUBU-URG.GIN.BD052R-0,HUBU-URG.GIN.BD052R,0,2.0
HUBU-URG.GIN.BF135R-0,HUBU-URG.GIN.BF135R,0,1.0
HUBU-URG.GIN.EL041R-0,HUBU-URG.GIN.EL041R,0,1.0
HUBU-URG.ORL.BD560R-0,HUBU-URG.ORL.BD560R,0,1.0
HUBU-URG.ORL.BH444R-0,HUBU-URG.ORL.BH444R,0,1.0
HUBU-URG.ORL.BN004R-0,HUBU-URG.ORL.BN004R,0,1.0
HUBU-URG.SUELTO-0,HUBU-URG.SUELTO,0,2.0
TRAN-QUI.TRA.ACUMED-7,TRAN-QUI.TRA.ACUMED,7,1.0
TRAN-QUI.TRA.ACUMED-8,TRAN-QUI.TRA.ACUMED,8,1.0
TRAN-QUI.TRA.S&N-2,TRAN-QUI.TRA.S&N,2,1.0
TRAN-QUI.TRA.S&N-3,TRAN-QUI.TRA.S&N,3,1.0
TRAN-QUI.TRA.ZIMMER-6,TRAN-QUI.TRA.ZIMMER,6,1.0